,grn100_noise_7,grn100_noise_4,grn100_noise_6,grn100_noise_1,grn100_noise_3,grn100_noise_5,grn100_noise_8,grn100_noise_2
scmtni,0.2823950244480099,0.5540143156073105,0.29988920660548624,0.2967463274377116,0.3027411949195833,0.6126006944466724,0.4019413135927274,0.31767829887631444
celloracle,0.5908049963822378,0.6273078298051301,0.5391252666484327,0.523199497010017,0.5310450456674035,0.5186679459948679,0.635137816056324,0.4558501441670254
