,grn100_noise_7,grn100_noise_4,grn100_noise_6,grn100_noise_1,grn100_noise_3,grn100_noise_5,grn100_noise_8,grn100_noise_2
scmtni,0.9557089992913944,0.97870994409889,0.9645693252499804,0.9419179592158097,0.9658743406031022,0.9728946539642549,0.9718778048972523,0.9406597905676717
celloracle,0.8923076923076922,0.9038461538461539,0.8423076923076923,0.85,0.8615384615384616,0.8653846153846154,0.8884615384615384,0.8038461538461539
