,grn100_noise_7,grn100_noise_4,grn100_noise_6,grn100_noise_1,grn100_noise_3,grn100_noise_5,grn100_noise_8,grn100_noise_2
scmtni,0.9556834107550586,0.9787020707030943,0.9570029918904024,0.9457011258955987,0.965865679867727,0.972881662861192,0.9681332178568617,0.9406275096449098
celloracle,0.8882607668687504,0.9037556097945044,0.8344957089992914,0.8498574915360995,0.8614518541847099,0.8652295094874419,0.8845098811117235,0.7997197071096764
