,grn100_noise_7,grn100_noise_4,grn100_noise_6,grn100_noise_1,grn100_noise_3,grn100_noise_5,grn100_noise_8,grn100_noise_2
scmtni,0.2853601837580919,0.5587055157096293,0.30339459426355625,0.30725163991981136,0.3020371158882352,0.6239950028294168,0.41027904571332097,0.3175705391374752
celloracle,0.768955224233965,0.8136145735962932,0.654106205108401,0.7047148560187942,0.7338169079004022,0.7367057938235685,0.7663268387570309,0.5846632452076556
