,grn100_noise_7,grn100_noise_4,grn100_noise_6,grn100_noise_1,grn100_noise_3,grn100_noise_5,grn100_noise_8,grn100_noise_2
scmtni,0.9022230533028897,0.9479544917723014,0.9114786237304149,0.899268955200378,0.9619226832532872,0.9383930399181166,0.9343063538304072,0.928904810644831
celloracle,0.7146303440673962,0.7487583654830329,0.6961640815683804,0.7030399181166836,0.7111148728446579,0.7345075190929848,0.6737477363987088,0.6699204787024644
