,grn100_noise_7,grn100_noise_4,grn100_noise_6,grn100_noise_1,grn100_noise_3,grn100_noise_5,grn100_noise_8,grn100_noise_2
scmtni,0.2855204958421781,0.5587633505790369,0.3083731027644299,0.304331338923457,0.3020814318903709,0.6240851776130435,0.4124145698059551,0.31798241678252925
celloracle,0.7969391119955435,0.8190837136507019,0.7006271755057045,0.7154855859744025,0.7377437971724226,0.7451556019447586,0.7895515209892916,0.6260839733355195
