,grn100_noise_7,grn100_noise_4,grn100_noise_6,grn100_noise_1,grn100_noise_3,grn100_noise_5,grn100_noise_8,grn100_noise_2
scmtni,0.2521708772672243,0.5356711524930148,0.2763714662089308,0.2706663504446644,0.2991604517996892,0.5963401273948662,0.3917958163434533,0.3072343822217556
celloracle,0.2153080030445033,0.30614441257874697,0.18886638191122904,0.24480511739506983,0.20190381257910572,0.2909909095990011,0.1948733883836049,0.1678136445220803
