,grn100_noise_7,grn100_noise_4,grn100_noise_6,grn100_noise_1,grn100_noise_3,grn100_noise_5,grn100_noise_8,grn100_noise_2
scmtni,0.9586457759231558,0.9746681363672153,0.9529958271002283,0.9339500826706558,0.9658507204157153,0.9576549090622786,0.9531367608849697,0.9441528226123928
celloracle,0.8861884890953468,0.8827501771514054,0.8216793953232029,0.8365301944728761,0.8252562790331469,0.8364042201401465,0.8680064561845525,0.794691756554602
