,tree1_500_cells110_genes_sigma0.1_1,tree1_500_cells500_genes_sigma0.1_1,tree1_500_cells110_genes_sigma0.5_1,tree1_500_cells200_genes_sigma0.5_1,tree1_500_cells500_genes_sigma0.5_1,tree1_500_cells110_genes_sigma0.1_2,tree1_500_cells200_genes_sigma0.1_2,tree1_500_cells500_genes_sigma0.1_2,tree1_500_cells110_genes_sigma0.5_2,tree1_500_cells200_genes_sigma0.5_2,tree1_500_cells500_genes_sigma0.5_2
PIDC,0.013192510227364979,0.014571951105847568,0.018277043695968755,0.019139643666318824,0.015627153854075315,0.018872526641009153,0.01298444626580648,0.011694056762616069,0.021476699074471188,0.013625877047842665,0.01518970396339694
GENIE3,0.009283922043208723,0.013952495350115975,0.01030833964908506,0.01325652761085755,0.014073420959183253,0.021658344821676116,0.013439434824505905,0.011158631055807722,0.02418342379566715,0.013606336430202074,0.01269056879958827
GRNBOOST2,0.009085791408167163,0.012084671276625367,0.010778687404171552,0.014528988050315496,0.014464507804506163,0.020529659212382347,0.012774938621569152,0.011943032129248875,0.022964362129691943,0.011974339994960085,0.013883467856535875
PPCOR,0.01316396747324836,,0.01424866078149557,0.015076558611601764,0.013131313131313131,0.017396418511502986,0.013305988112198009,0.013131313131313131,0.01828341044627477,0.015397298633953106,0.013131313131313131
SCODE,0.013732200403821846,0.014030571662353268,0.012193593121142531,0.012917976128498853,0.015324084888762487,0.013189299270398146,0.015445630351512009,0.015031132693859422,0.016561654512790784,0.01541665317793431,0.009293122182538785
SINCERITIES,0.011590465888022252,0.017710980518123056,0.014195914506764159,0.013463996891503193,,0.01446370744517206,0.010008575866862029,,0.015473915022011437,0.01462158290136681,0.012119051597246291
LEAP,0.008725723002284469,0.010783683423547246,0.010683626165031162,0.014613515505345853,0.013716134070222109,0.01666249468397461,0.01832024989497065,0.009968430390971336,0.016738656164050986,0.014246285625002792,0.011559693595224635
GRISLI,0.014382925178508834,0.013249459106146675,0.015017235180916405,0.014309035763619273,0.012069890684752532,0.015203208299266564,0.014665236843885704,0.01470365507397008,0.016501052011750065,0.014649702310963993,0.01378814547700519
SCRIBE,0.011487448751086746,0.013680420214070472,0.010925718132295176,0.016053060913277704,0.018439278822946558,0.013390997548156201,0.015231531393296098,0.013045538842125576,0.01222005270630996,0.013692980227296191,0.012425581568540732
