,tree3_500_cells110_genes_sigma0.1_3,tree3_500_cells200_genes_sigma0.1_3,tree3_500_cells500_genes_sigma0.1_3,tree3_500_cells110_genes_sigma0.5_3,tree3_500_cells200_genes_sigma0.5_3,tree3_500_cells500_genes_sigma0.5_3,tree3_500_cells110_genes_sigma0.1_4,tree3_500_cells200_genes_sigma0.1_4,tree3_500_cells500_genes_sigma0.1_4,tree3_500_cells110_genes_sigma0.5_4,tree3_500_cells200_genes_sigma0.5_4,tree3_500_cells500_genes_sigma0.5_4
PIDC,0.6318778048972523,0.5429399259900796,0.6128383591843163,0.6612534446106607,0.6846405794819306,0.6717108889063853,0.5644043776080624,0.5606708133217857,0.5562475395638139,0.5402409259113455,0.5999732304542948,0.6211463664278403
GENIE3,0.5490662152586411,0.49526021573104484,0.6064207542713174,0.5781977797023856,0.6757751358160775,0.6702960396819149,0.40195338949688997,0.5334800409416581,0.4957019132351784,0.4382615542083301,0.6196732540744824,0.6533501299110306
GRNBOOST2,0.5593217069522085,0.552449807101803,0.6176182977718291,0.5941543972915517,0.678720573183214,0.6324907487599403,0.4486512873002126,0.5074076844342965,0.49018305645224786,0.45732068341075505,0.6108719785843634,0.6043583182426581
PPCOR,0.4995858593811511,0.5029863790252735,,0.515290134635068,0.49752145500354295,,0.4956475868041886,0.49763640658215885,0.5,0.49572592709235486,0.5103861900637745,
SCODE,0.44620738524525627,0.5946988426108181,0.5773553263522557,0.4322848594598851,0.4062554129596095,0.43935831824265803,0.4769577198645776,0.4538863081647114,0.45734115423982363,0.46327926934887015,0.38676639634674437,0.39152350208645
SINCERITIES,0.5643291866782144,0.506288481221951,0.47895520037792294,0.41850641681757345,0.45525076765609007,0.5322840721203055,0.4548460751121959,0.5370533816234941,,0.6447606487678135,0.5137422250216519,0.5877415164160302
LEAP,0.4826997874183135,0.4804916935674357,0.5789937800173214,0.557732855680655,0.555414140618849,0.5494909849618139,0.27492087237225415,0.4125253917014408,0.5315778285174395,0.3686284544524053,0.5780958192268326,0.5820927486024722
GRISLI,0.49360680261396744,0.491213290292103,0.48474332729706326,0.42878828438705613,0.49244232737579713,0.5177954491772301,0.5360613337532478,0.4984859459885048,0.5440362963546177,0.5562817888355247,0.551150696795528,0.5331221951027478
SCRIBE,0.5112274624045351,0.4835674356349894,0.5625297220691284,0.5134965750728289,0.510740099204787,0.5009896858515078,0.4289520510196047,0.49624832690339343,0.4891008582001417,0.47122588772537594,0.504431934493347,0.5277915124793323
