,tree3_500_cells110_genes_sigma0.1_1,tree3_500_cells200_genes_sigma0.1_1,tree3_500_cells500_genes_sigma0.1_1,tree3_500_cells110_genes_sigma0.5_1,tree3_500_cells200_genes_sigma0.5_1,tree3_500_cells500_genes_sigma0.5_1,tree3_500_cells110_genes_sigma0.1_2,tree3_500_cells200_genes_sigma0.1_2,tree3_500_cells500_genes_sigma0.1_2,tree3_500_cells110_genes_sigma0.5_2,tree3_500_cells200_genes_sigma0.5_2,tree3_500_cells500_genes_sigma0.5_2
PIDC,0.5270199196913629,0.46156995512164395,0.5934792536020785,0.5331044799622077,0.5863884733485553,0.6291158176521533,0.5324809070151957,0.5321659711833714,0.43491378631603816,0.5705031099913392,0.5677269506338084,0.5634249271710889
GENIE3,0.39771277852137626,0.43893551688843396,0.49979765372805296,0.4333084009133139,0.5325596409731517,0.6301645539721281,0.5448594598850485,0.4646390048027714,0.4275679080387371,0.5954397291551846,0.5525612156523108,0.512998189118967
GRNBOOST2,0.37531651051098336,0.4846405794819305,0.5164585465711361,0.46009054405164945,0.5423427289189828,0.5785276749862216,0.530706243602866,0.5051673096606566,0.4421769939374852,0.5908912684040627,0.5790866860877097,0.5362624990158256
PPCOR,0.5081316431777027,0.4983776867963152,,0.5120588930005512,0.5051232186442013,0.5,0.5078304857885206,0.500016140461381,,0.5322399811038501,0.5047838752854107,0.5
SCODE,0.366657743484765,0.38753247775765687,0.48283599716557757,0.4424061097551374,0.3827627745846784,0.40471144004409104,0.4762388788284386,0.49054326430989686,0.5326982127391544,0.42283363514683886,0.4769096921502244,0.537423037556098
SINCERITIES,0.5694535863317849,0.5244122510038579,,0.5098933154869696,0.5763821746319188,,0.6376844342965121,0.5539276434926383,,0.493005275175183,0.5171458940240926,
LEAP,0.2587024643728841,0.49041453428863874,0.4844102826549091,0.3260262971419573,0.453666640422014,0.5325710573970553,0.452991103062751,0.35052909219746475,0.4079930714116998,0.47217030155105894,0.5524395716872686,0.52240138571766
GRISLI,0.5077442721045587,0.5217652153373751,0.5105460199984253,0.4873151720336981,0.5338091488859145,0.5239760648767813,0.503724116211322,0.4856944335091725,0.49831273128100145,0.5069297693095032,0.541188095425557,0.4868675694827179
SCRIBE,0.4400078733957956,0.48207227777340367,0.5131029052830486,0.49171797496260133,0.40661443980788925,0.4744421699078813,0.522243917801748,0.4649862215573577,0.505853082434454,0.49514054011495157,0.5206668766238879,0.5163703645382254
