,tree5_500_cells110_genes_sigma0.1_1,tree5_500_cells200_genes_sigma0.1_1,tree5_500_cells500_genes_sigma0.1_1,tree5_500_cells110_genes_sigma0.5_1,tree5_500_cells200_genes_sigma0.5_1,tree5_500_cells500_genes_sigma0.5_1,tree5_500_cells110_genes_sigma0.1_2,tree5_500_cells200_genes_sigma0.1_2,tree5_500_cells500_genes_sigma0.1_2,tree5_500_cells110_genes_sigma0.5_2,tree5_500_cells200_genes_sigma0.5_2,tree5_500_cells500_genes_sigma0.5_2
PIDC,0.4646673490276356,0.4980395244468939,0.5333643020234627,0.6284434296512085,0.6130651129832297,0.5698322966695536,0.5062168333202111,0.4552680891268404,0.44442327375797175,0.565023226517597,0.47316116841193606,0.6342760412565941
GENIE3,0.40105739705534993,0.4458932367530116,0.529512636800252,0.45648137941894334,0.617223840642469,0.5626777419100858,0.4816636485316117,0.45863396582946225,0.40434532713959526,0.5992740729076451,0.5289835446027871,0.5755932603731989
GRNBOOST2,0.4145480670813322,0.43081529013463504,0.5518707188410361,0.5026458546571136,0.5951492008503267,0.5516652232107708,0.47641209353594205,0.472362018738682,0.4369407920636171,0.5752869852767498,0.5283280844028029,0.5319864577592316
PPCOR,0.5129328399338635,0.4956082198252106,,0.4952669081174711,0.5146047555310604,0.5,0.49871978584363436,0.4971033776867963,,0.5127745846783718,0.4988725297220691,0.5
SCODE,0.6053476104243759,0.45076686875049204,0.44909534682308483,0.5202094323281632,0.42944492559640973,0.47167309660656637,0.42252421069207147,0.4482954098102512,0.5909794504369734,0.5279143374537438,0.5353389496890009,0.5772805290921974
SINCERITIES,0.40168805605857805,0.4371624281552634,0.604392567514369,0.581242028186757,0.5140874734272891,,0.4526564837414377,0.4300559011101488,,0.4629690575545232,0.5807385245256278,
LEAP,0.2304023305251555,0.3999496102669082,0.5535170459018975,0.4223738288323755,0.5355853869774034,0.46259270923549334,0.34184906700259826,0.3668183607589953,0.3333060388945752,0.5026883709944099,0.47605385402724193,0.4553980001574679
GRISLI,0.4923013935910558,0.5056251476261712,0.4694772065191717,0.49440280292890315,0.4865900322809228,0.5015994803558775,0.5387788363121016,0.503113140697583,0.5067183686323912,0.5156192425793245,0.5124005983780805,0.4794646090858987
SCRIBE,0.5391008582001416,0.4852736005038974,0.4955751515628691,0.4551554995669632,0.4850059050468467,0.5104763404456343,0.50105739705535,0.5485150775529486,0.4408471773876073,0.5032005353909141,0.5093402094323282,0.5247208881190457
